from,to,asset,asset_contract,amount,amount_raw,decimals,tx_count,tx_hashes
0xb060679d533fa494f0f0be8311703d69f8a6b380,0x1695ccf9536ded7852b805fc05410821d506d000,ETH,,0.1086175185,108617518516809203,18,1,0x85e85eaa290899685908fee4b03609a77226b17e606066dee7aab18b979eebce
0xb060679d533fa494f0f0be8311703d69f8a6b380,0x2ee3a6e93fe7ef628f81ba8cddd882e739def480,USDT,0xdac17f958d2ee523a2206206994597c13d831ec7,66024.5811940000,66024581194,6,5,0x0f2d683b65e0cd1c732bfecda0ed51b693c0abf46272f356f043c6d861e860d3;0x7ac0e71895cca8f7673aa45353c7217cb525bd7a398ad9ac6d002ff5ca4e6710;0x4738c91a7e755cb8b4c228c368fe0ebb8cf6fc754379c275beddc7fcdb1bd662;0xd7e6b17a78f332dda5b4d60e59425984052746a886e405b9dc91cdc76c2859f9;0x0ef2ec17b9cc540b5e13d95923b59578f592aa1d8d2f775fa63bc27cd017d093
0x02cf006d32df31144ef55dd4e0312e69d9ccb922,0xb060679d533fa494f0f0be8311703d69f8a6b380,ETH,,0.2528165801,252816580102026203,18,1,0x80a8365c2eabce81941f7b3063671b5aebdb8718230f14d6f4c35e98f8ed8dea
0xb060679d533fa494f0f0be8311703d69f8a6b380,0x0beed0f627be9fed89b777f485a17a12cf4e4f38,ETH,,0.1000000000,100000000000000000,18,1,0x0ae7cd1276202fbc18ed16e8d076c5a93f0ded6307beb0fec5607c7a7ba18e1c
0xf716535b53d97b5da4844d7cd61766803d83b13f,0x0beed0f627be9fed89b777f485a17a12cf4e4f38,ETH,,0.4445060005,444506000540000000,18,1,0xf6c50184e5ab62f8b9684c5c3f44ad03ce259bdcfc932342e69e57f25d5c5200
0xf0567651d0fddaa1e42d7afe9d84cb81a8f66b84,0x0beed0f627be9fed89b777f485a17a12cf4e4f38,ETH,,0.4055580291,405558029100000000,18,1,0xd59beb7fc4c709eaf8e6094cedc3c46b0a357c99a1f5eebc68637df0276fc275
0x2ee3a6e93fe7ef628f81ba8cddd882e739def480,0xf0973a0b508c78f0c4c19025921a3a961f9b45e8,USDT,0xdac17f958d2ee523a2206206994597c13d831ec7,140000.0000000000,140000000000,6,9,0xad0f695c800b9dad25375e4e4002c208a246358ded1e8d5cb9ec127a67e7aec9;0x8984c6e20d0fc791688dd644ad9115c4aa0c64ed40aabcc098ca371357031519;0x0643544e9bf583351428ec7a045ae84c5663e2a8738ae5b6e561322f857b1003;0xd04aec763b0cb6c4fa9f7b3337b57f3eab41a6680c4a1439064ffbbd1a8f9806;0x7f5b533b2baf626c3bda593f442e7562f3767eb87cfd03e1869e95189909b431;0xc7a7e06eef230066e7c4a1aaf48a7f4330318ac8f502efa105c81f2d80aeaa6a;0xfc54353c6eff623a7868d2870394b6f77461bed79cda853d5671ba2caf939f22;0x0e948deba16ed5544b5314e39b1aab1544f3e671b3313949f9759381d1da621f;0xa70c9780a2456ace005bd60d48f1c6708124e79c05beab228899bbb28ce36392
0x6958ba0e16882e1d8b444239f641000e1d3aad1b,0x0beed0f627be9fed89b777f485a17a12cf4e4f38,ETH,,1.3000000000,1300000000000000000,18,1,0x2ae886b18811770ad33f215fa2467aa9b1d1c0862c3cc0832f6d611d1ad3b83a
0x2ee3a6e93fe7ef628f81ba8cddd882e739def480,0x6033a12d2547a143bb48e9f43fd98b05e2931bf0,USDT,0xdac17f958d2ee523a2206206994597c13d831ec7,772599.0000000000,772599000000,6,47,0xd224b837d533df8422d79c0022b5bc86ef33dde019e86f5c74abaf5d45302e24;0xe1bf58f8dc2dfc91731f532c8c514ecf3f2ae57d54fef0821e29bf39ff98b9dd;0xcb995806a33a5d154ed8df8091f8ea5b21aac9c1058d07a6d3b3689ccf831751;0xa169d686605cd7e8d03d87d64ed1c8b5ae03f422a10c09c6acff1383e1e6ac65;0x3c166038a8bcf6510cfce57ea29fa762adc99f7323ed7fdaf85a1f34b99e2120;0x530607ea698ae5b9485d22febad2dc597657ef2f1d7d8da3117a35a2d5ccbffd;0x3555f8545c88253d9bae123e72c324ccd18b1d4f0b439eb9d80546ffd5cf247d;0x06d6e7b4113a7254a4b4ea1f9fff451c1dd9afda5e22e0c9a93cf84ea8b68198;0xc4aa038517cd75378faf7d2e26f03ce62277824d29d3b0f4f5c0f1aee3abdcdc;0xd5bf0747a3c6c7d616b1ab46c313a4fb2316a36dcd1d43ae3de96a01ec8be844;0x270e6d67d6e4410ca2a410662c9f5b5f55b3119a011f7bf9323671a63d47b2b8;0x2b122dd18c17b89eb460bc5ddb188c5fa295dbae845998a0aba75169fac849f2;0x97bee43ff711f8182d2818a5f0a21bc610b2799ec841a86759652e63013d6fe6;0x3491d0deacf21186090991aab289c0a7f772308fa9cd2cbdfb4abb6b8b2a0a37;0x2a9e9ba5cbbc71d858a858885a708450d02d8fff7b22167cdf0624ed59ce449c;0x2e663f0ae56e61c264160c9014a3007e439e33e87a54558080a9d411d4aa6493;0xa6d43dbc8f1914ff0e7fb5325e4f619db5a97e4593be3c5094341f0dcc2b2b8b;0x6d1de4a031eb307ca07d16b25f13e25220ffe55814a3bfcbfe4cc65a5e0a60f2;0xe1906ada8583d0ccc80fdf009a0d76bca93377e02d71df7315f59f884c800027;0x0968fbef6401d655ddb1629a684a1b2138911473f8291884c88bdba799b69db7;0x606c5c81c506bad7edff011a282b3fc5417daa8d925819684d2e2d8146d5d2f8;0x37f10ea16c17326661ef32e271b2969da0dc15b8dc23844d4a0bf43755a83376;0x07903104d898c9070cea1ac2bb579d59d0c9f60e89ac4d51e3b5742596445c99;0xb8b27532bbb8fea354be7be839942d193412f4d09a80e765408517759bbe8e41;0xa4aca4b2826a8826fadca94deec2f72114e82c0b34c1cda02d082513581fe85a;0x20d0cd50e2bc2e0174f852113af48ee7f86f0b15cfb1582b09e7f8ecf58a95d2;0xa7eeb49ee41aa0946729c09c0062e0eedb8990f559fc750a33861b09532d5d71;0xedbd832233d3d75777ca17a9e27ded9394b310fdc8bed6181c71a2b37daa6577;0x97fb788bb60ca8bfde8fbcf006cda99c96c36b87dd967425d41dc26c204d33f5;0x8e9aaa186f407e5f13a0431048afbe26834428eeb1bf8812482ca0be9ff391ab;0x4b17710042a15785de0ba4df0c43bf237a65aeffc9f17d4f39166e91db17da7d;0xdd21ef057421fe60626efe1565649cb4ca364feb67c7e85d3d1f79f0024a629d;0xe1e2522d674fda34978d593b924a456bb606f3efa7bbcb9909ad89f4b276d08e;0x080d52e7fb02adcf020eb1b5b93024349d76c9ec084c5ac0ec32cd4b95fb5e95;0x76e5996b04c84fbfb3dc72cb59028ac501bbb431ff906aeeb3c8e3d2debbdce8;0x6781e09267f48b0ee3e0455911b2af645c36cef8c63a9bf4675e6bbd36dd6a2c;0x79b180c2a590ad2e5684598ba42b5b8301f26f900f523165210beb6bf26d3168;0xc54df4b86ed85416716ef3bc9ffe68c2dd533e28ee945736ab93a948440c04b8;0x98212fd35e3eb8db94a1787214c97cd06b76718eba5d503c484ebe6a282be811;0xe8bc948f7d0f7149e0010a249a784b1bdee954f989db156c506c8f1cc0c85e30;0x553b417b7bc11fd558b197d58a829f02ae4bcb522278294b2bfb7dc142f6a9af;0x24ff17e9aab69e67569300d8fa788e3dbefe1d612ca089c9a736817afe472f0b;0x43245a4da496ad8bfcd9fc8934ad76369bd2c0ec3768b03ff22e5536cc4951be;0xa190d0dd0e7f18b1eaa2c83f3aa5cccb4a565b3621127632413a9386bbb6a017;0x6d91f6ba03b284896951f6956bcbab2a81a9d4bd06815d76d4fcb6edc61d3c91;0x5d78a8a56d1dc3dc4000342a2fb8fd003c1aae35015a391b85182cfe3760b905;0x4a49358892972f2c542e852fc89361c663d0e35dbc1c16fb10df1bcbc5083bb1
0xd3262bca3f72345fe06a6ac8b20113ae5e8a174c,0x0beed0f627be9fed89b777f485a17a12cf4e4f38,ETH,,0.6460041419,646004141890763659,18,1,0xeb3e43ee588e0748f5449ca293c671a11aa6ca861ac893d9a2f0a9037fc4df4a
0x8b9d4a12ad2aa4005317fde2d10b82c96152c906,0x0beed0f627be9fed89b777f485a17a12cf4e4f38,ETH,,1.9100000000,1910000000000000000,18,2,0x044ee7f937406f5790ce54934b1fd725826d5cb85c37d9c57e2af0d3d832b1bf;0xdce2a44c10fbc027862ff7192ecc94a696e637a012f9e667bda46a3977742a37
0x143f1ffba28fe2c94e318ab5928483e5c906e444,0x0beed0f627be9fed89b777f485a17a12cf4e4f38,ETH,,0.2175300478,217530047823678626,18,2,0x65f2848430712801f1dee442d00250a3be4622bf8b7472361e5dd59a9af158b0;0x91043c325e5f9bd2dc4e09be42d13ce06a33f5f5d62f13ff96a886d298cd28c3
0x7694240af2a354a049b7247c24003ea918d13e6c,0x0beed0f627be9fed89b777f485a17a12cf4e4f38,ETH,,1.0000000000,1000000000000000000,18,1,0x5cf3a15e97b62bba314663f7b4725b2d19340f3164115036861866d54f6c2a9a
0xdddf7129b8fa43c3e099b48a4bb84a7c0ed7c471,0x0beed0f627be9fed89b777f485a17a12cf4e4f38,ETH,,0.4445344612,444534461218500000,18,1,0x98ca6d6b5b99ff2d1e8301f2c02049b7b02fff8c6ba0b577f31a0d9d60119f73
0x35a85ceb293f58f89daa9615564860ce94cdc0e6,0x0beed0f627be9fed89b777f485a17a12cf4e4f38,ETH,,0.2577048443,257704844331823032,18,1,0xf52f8747ea2d82e270554e018c407895da20336b9842e2becbd0b6a674ce2a72
0x2ee3a6e93fe7ef628f81ba8cddd882e739def480,0x6033a12d2547a143bb48e9f43fd98b05e2931bf0,ETH,,58.0000000000,58000000000000000000,18,4,0x74d0cdf789e323d5acfa6ebb9c6565625789f8266087c660c52a59c4a9606f0d;0x7accf64b024a76e1e24edadbc085eb2fd402884840434428bfc8131e5340760f;0x8df6952605ad5d53824a612294a68cb811d2834f206d95206250920963a798ce;0xa18965fcb52c87c2f0145b4a587b1812b89ceeaf3cb8da0c5665be2363775931
0x1a0208f0e20e7cd4c3bb757d92ed0431d0107dd6,0x0beed0f627be9fed89b777f485a17a12cf4e4f38,ETH,,0.3124779600,312477959975833166,18,1,0x704322b652fd52aba1f0ccddfda232bdbcddc4cd17abdb1016ca7c248b1d4264
0x650ab83a18c95c1e14650fa3582d056a5ef07012,0x02cf006d32df31144ef55dd4e0312e69d9ccb922,ETH,,0.3030471093,303047109312026203,18,1,0xa754a7720a8960a18d74723087050554af66c286f10de94fce40a8a72c0e1783
0x572eafcf23cb710e3f6eac97125da25f456e7ac5,0x0beed0f627be9fed89b777f485a17a12cf4e4f38,ETH,,0.3000000000,300000000000000000,18,1,0x1691dcddcdfb0e85639d7adbb50a20d3addce0a2b337c81ef1260e9500183587
0x8b83f5f4eb96c873b99ca2e48c0166951c757e7a,0x0beed0f627be9fed89b777f485a17a12cf4e4f38,ETH,,0.2439360350,243936035049509542,18,1,0x0df71c086a61dfadd9b53f0bd661f63792615f110795d030dc77ac9d900894ac
0x2ee3a6e93fe7ef628f81ba8cddd882e739def480,0x8b9d4a12ad2aa4005317fde2d10b82c96152c906,ETH,,0.0593319517,59331951717617399,18,1,0x70fa5c0dfa33bde22c6ca46fa25d0114d9d9ad969a435ce3efc25f0402f4175b
0x02cf006d32df31144ef55dd4e0312e69d9ccb922,0x2ee3a6e93fe7ef628f81ba8cddd882e739def480,USDT,0xdac17f958d2ee523a2206206994597c13d831ec7,75180.3924620000,75180392462,6,7,0xbe0bb5d90eabb56a67e3807d19f5ef6a6e28f5f6f06e88436c9b1333379e75ec;0xb0f4310380236eea2c3335cd0a5123fb2a7e1ed248f11439c5423a1aa8558323;0x34a4720d712eca68e2c64c5c90b210441ae600d606eb270f2b46930539e047aa;0xc3e1240f67f45c2fb35e564d7aefa1adea96abb474a77ee7b842a3ff48bc231f;0xb0f3b7444698e30bbf516686103ef0cdf2e08b53b25e1f3b409c83361c235bc0;0x0179444eb937c56f4bb57ee040830056f738cde1972ce7bfe98ba4f88bdf605f;0xc6476e367e6d4dc84b1260aacf546493ad78bb10223c8b5b067dbd83d769433e
0x0beed0f627be9fed89b777f485a17a12cf4e4f38,0xc1735524210d7c1d16d7c601ddb6ce8ec82e4224,ETH,,13.3000000000,13300000000000000000,18,10,0x8a0cff8e41ec77d3b1758d42f4859ef5252e6557f141321b4ea035c193166160;0x5dedf6b795ff72dfa1bd950a26e54205baf81be50d1c599a130b42408d9023bc;0xaced882200fe806d660d215a377d87b76574273eded00f0941839de2ed29ed07;0x62843028fe202ed6a48ee567088f0bf4b3c562e3c5e6e040745c680d35e594bd;0x599b1debfb195a8e739a89ebc7197919c03139f0dac7d5ad0179374206fe05db;0x97bc8c2dab7cd010ece294bf91f3134821144240467ee61bf512ed215b397bb7;0x074a5703d7dadd9c89efedff0b72b9a809f10b70283b98a509b7898141a8484c;0xb173ead7df1e2c6b3e74f8d1fb3f006ec2712ee578ddf998d36a6f21e782990a;0xcf5f9b553c4b0e733fd236b5a1ddcc4000116a0018cb9dc0e6e669ebc3e9b00b;0xde93e51684b1ed67893a319f1c6db2f0f4cb26766a832e691eb84d93017f0f79
0x0beed0f627be9fed89b777f485a17a12cf4e4f38,0xa0fc1b7c5e125bc31bfb062bb54f7388d4a8fb6d,ETH,,7.3900000000,7390000000000000000,18,4,0x1d499d74edf8112f2aa61bdd476c919756233b60e49c317458319e945d40d446;0x6d480acd9358b41a489458312331cf66b072cd133397201c81542a33d756b24c;0x3ded16610d9ed5a28657be8b9d1e7650e77e17bcc1f84518c873e49b4f270993;0xdb4937b0d57d7a9674a4c813be48b2a79b5522194e8fdd4f112168fd1ba4cdbf
0x2ee3a6e93fe7ef628f81ba8cddd882e739def480,0x53babd83748858178a7dd982725f52abb8210f8d,USDT,0xdac17f958d2ee523a2206206994597c13d831ec7,47387.5509300000,47387550930,6,12,0x3636ca99eb6c270b41d8a40cdc04ee34588ba2883a83dead8e1944d9eb3fa62e;0x4a33c518bec6839daaaab7611517314ea5dadafd9277f743682e27e24f4a9283;0xef802bd73148047e0f92b0d66e8428cab5856c0da7f313c93f0867cf4b5e5f89;0x5b09e95bcc82f4f258ada3d6cb1aa2875be630f7af12fe4997573f2874f486e0;0xfab2e04e1b325ccf499f008517943f8eb03ec9138f0edf92490bdd153a1b51b8;0x74529131ef931058e6d2fc88207712b286b2348e475a1212527e34eb108213c6;0xdce31a639ee9a017b4bda8bc0cb7630d242980042414697621c9765068bd5a16;0xea5e874135097910aadbaf19eae1ef4716f875449dfe9af1e4cb64be7faeda5e;0xf22987c4e7baefd43554a34e366e69f8a1f44e8b2517525abd5bbf36a1a3c37d;0xf8bcc0b1fb28bed41bc665e885b83746701247af5c8278bd8722357b59d37552;0x0098df68506883b8368f4221603ab5c9441f4be14b47d7e106da22dc7c586bab;0x3fdc73d987e4f194437f58402eafa26839f7ca3cf128bd4bca4184548a6bf324
0xd31538be05e504b6995713f30b6334228ba0fde5,0x0beed0f627be9fed89b777f485a17a12cf4e4f38,ETH,,2.1000000000,2100000000000000000,18,3,0x77b8debe6d9707dbeebb81d120cbd307ea58d95b4985e7957700188b6b626fff;0x05988c41ecf3e20b15040be597ff2e2a8f7a81591358f36623e3cdc7c44a08e7;0xfe96cbc2f2426fe6b1297d617f993714dc0709b07b9ffd4e53a0681dcd9fcc12
0x2ee3a6e93fe7ef628f81ba8cddd882e739def480,0x4e8e86d17f104c5b0fec2ab03ae6fa01a47c065c,USDT,0xdac17f958d2ee523a2206206994597c13d831ec7,15764.9120000000,15764912000,6,2,0xf7178aed9b8d0473092e5608c7989c30460e8322638c47842b785af9697ca8a1;0xbeb0f14ac250db46d6e16cd37e2c0378d20debdbfcedb31fc9c9f078b9347bfd
0x6033a12d2547a143bb48e9f43fd98b05e2931bf0,0x2ee3a6e93fe7ef628f81ba8cddd882e739def480,ETH,,0.1500000000,150000000000000000,18,1,0x5d72d5db3ee57598e82ed517e276d7d01fe3877dcea831f850ed309d46e699da
0x93f7620aedcd2606b6182b6a30882d48c760aedd,0x0beed0f627be9fed89b777f485a17a12cf4e4f38,ETH,,0.5000000000,500000000000000000,18,2,0x9cebe38a712913509b813efadd104fc88bca4db114a46073ce3ed16ba8491e9c;0x0b80d20c5e19d1e8695d362e4ff19d6e4cee6af9ebef89aacf1be9b86b2ed2e7
0x2ee3a6e93fe7ef628f81ba8cddd882e739def480,0xd98d9b55a8f6178afadb26e10db38273b0a2a074,ETH,,0.1000000000,100000000000000000,18,1,0x09fe74b2c0ac9ac9dfdef60decacf101b566e1a2b7cf83170105fee8d39a7e37
0x0beed0f627be9fed89b777f485a17a12cf4e4f38,0xe15a1490b14212a7201aa8eb525f35e96508613c,ETH,,6.0600000000,6060000000000000000,18,2,0x8d34978dce0d74bb3078fac1c45058c7056575f78b163103ae343c8257d65f61;0xab8fb8ea8c5df1182d001c5a180b83ad35c60b2f9a3e54f33e0f4f2017995f09
0xd98d9b55a8f6178afadb26e10db38273b0a2a074,0x2ee3a6e93fe7ef628f81ba8cddd882e739def480,ETH,,23.1000000000,23100000000000000000,18,5,0x86f23504d83a572ba96a252b7e33fb9ed823e0b5b6dd8fea8373221bb42138fb;0x10ff0a151897d031f31a025619a766d772a8dba058083d45d59582af4c2416ce;0x0994b202e7f0961b4fdae003db4b664f94a7a5925cfaaf90d66e3dc0e7483e54;0x51fc8ef1ef85f646ab184c741c03ff853188e7ea4aba2b4e74519d31ba519b15;0xc51eaa732d914b4026b53294a05b4ab45f5391476010e636c0760d89c3a484b0
0x0beed0f627be9fed89b777f485a17a12cf4e4f38,0x8b9d4a12ad2aa4005317fde2d10b82c96152c906,ETH,,0.0100000000,10000000000000000,18,1,0x52b6023f9e477eea6bed7a224377c8eaa61c7e1db496b6a037a44547f5dee7eb
0x0beed0f627be9fed89b777f485a17a12cf4e4f38,0x4e8e86d17f104c5b0fec2ab03ae6fa01a47c065c,ETH,,0.1000000000,100000000000000000,18,1,0x61501613c6645416bda3438cedadee2ad82b4da328988350dad3f8bd7deb5816
0x0beed0f627be9fed89b777f485a17a12cf4e4f38,0x27040de19308d9733b61b21d21c9634e10d7ec17,ETH,,0.1000000000,100000000000000000,18,1,0xf7b3ed1f5945d1ee3d9efb2e1fd5e393b10cf8f21e9eb8340eba2d1454f101ed
0xd1377abde671041fa4f3bae6eb69703c2e0ef883,0x0beed0f627be9fed89b777f485a17a12cf4e4f38,ETH,,0.5228025513,522802551293979164,18,1,0x87cc7ada7e41270c1f71e6a54c6941d56c370d03701e8d4c8953b90fab76854e
0x382c9f91198dd0334c95089d346933fe1a07c85f,0x0beed0f627be9fed89b777f485a17a12cf4e4f38,ETH,,0.2003203838,200320383752596971,18,1,0xd966e8300c1e58b4dd97a86c4c7d42534f5213a00bb48afe132ea5e3597b1e83
0xc637d5fc3d6457e547c4faf24161db714347bfa4,0x0beed0f627be9fed89b777f485a17a12cf4e4f38,ETH,,0.2369504857,236950485741472630,18,1,0x036fdb0b27d2bbf4d58f01baf796669a9f2cc7cb77b6a2ec915810127188caa8
0x0eb62700d5c2cecb80647f4a1c2d66e745c54645,0x0beed0f627be9fed89b777f485a17a12cf4e4f38,ETH,,0.2043418799,204341879900000000,18,1,0xa64711caf44eafc0e44d7ff04c8e5d5aed2ef3661a8883fe66e4147cb240229e
0x41dcdce162f1cc9582766435209a9cc9b54128b6,0x0beed0f627be9fed89b777f485a17a12cf4e4f38,ETH,,0.5057464510,505746451037500000,18,1,0xd2d003c3184fda75186bea016771bc954397f01a8318962f57ce469bd4a8ff37
0xe8e16ff4fa518fab6443ce96cebc0a65a3d76bab,0x0beed0f627be9fed89b777f485a17a12cf4e4f38,ETH,,0.4000000000,400000000000000000,18,2,0xff51b823377bd2abd533ec0983a661e199a7d1f12e4b61a6b781d181fcfd6873;0xd91761e1425eff45b5713ff7b2029153079be5d16632cbd11e2093cb82ec2500
0x62f3b769a173ea3daf869cb1fdd7965815b43552,0x0beed0f627be9fed89b777f485a17a12cf4e4f38,ETH,,0.5000000000,500000000000000000,18,1,0xf8df308eb5c464d8c5d94159c49211fcaf9945ede648ed7f16933946adffca70
0xb461c0101b0aeab09bb6895739c7f7b750bf2704,0x0beed0f627be9fed89b777f485a17a12cf4e4f38,ETH,,0.8706032400,870603240000000000,18,1,0x89067009a20ad62fa6050a5ea4e6114b13f1bf8963d80eb9f39c57e0cabca292
0xe8e16ff4fa518fab6443ce96cebc0a65a3d76bab,0x2ee3a6e93fe7ef628f81ba8cddd882e739def480,ETH,,7.5000000000,7500000000000000000,18,1,0x2dd062d331d85648eeba10201ef86e2fcc45666d546135804c370f12421af780
0xa9cb8be8ffc2714d180a6b32d6b0eb0ca61e2a47,0x0beed0f627be9fed89b777f485a17a12cf4e4f38,ETH,,0.1134645662,113464566180420041,18,1,0x6095a992a5bfa88f1caedf43a6b20ceb507e0cbc6e061bf4eae408fc96531e91
0xcd501a830b97b4e6ff95b87e15e6e3111225dc51,0x0beed0f627be9fed89b777f485a17a12cf4e4f38,ETH,,0.0723974242,72397424222035537,18,1,0x90da8fec4b7e6bb5c5e46a64686e6d5410472ac0b93abeedffd2cd36968064bb
0xf8d11bd5555c1a6a9686c32b1baa0219541f5ed2,0x0beed0f627be9fed89b777f485a17a12cf4e4f38,ETH,,0.0957573461,95757346133900764,18,1,0xf64084244abc260c2092cd63d7172e988e6592c0e797db54f56bd4205fe8429e
0xa485b0fcb5307e317c03d7c990e18db713ff4bc8,0x0beed0f627be9fed89b777f485a17a12cf4e4f38,ETH,,1.5000000000,1500000000000000000,18,1,0xda29714b897019498a464bf39b3f0b7886c7a14d439619cadbccc7915803e6b2
0x0beed0f627be9fed89b777f485a17a12cf4e4f38,0x02d97f2d045c41df8021b664fa9d97ddf36abd96,ETH,,0.1000000000,100000000000000000,18,1,0xaa59014daf81dce11e00d72a2f8f2205c55e97c441b9fbe55a25ef10283a46d9
0x7993876357ff32133b6253481ce5c8928fd58aa0,0x2ee3a6e93fe7ef628f81ba8cddd882e739def480,ETH,,15.0000000000,15000000000000000000,18,1,0x75645c60a606b15c15efa9769f4515b880e93a6cfc72b963029f1108f9ca68c4
0x5fc0970e818941bcacd7d459fed4a39fa9df84e3,0x2ee3a6e93fe7ef628f81ba8cddd882e739def480,ETH,,0.3172607535,317260753519456135,18,1,0xf28f14236851a958815797b670c2b047cca6588d4d8ebdea5e2e39cb05c0f0a6
0x0f3b5c6bf8b2640c92061d7c8721347e6d1a60a7,0x0beed0f627be9fed89b777f485a17a12cf4e4f38,ETH,,0.2000000000,200000000000000000,18,1,0x223b575c7087ff2d50581b334b3b2ff0cd2f58aa4a050a4c750b3a9e443e887c
0x7668d3eba9bb9e994a760a69dbb1df3a3be6eb82,0x0beed0f627be9fed89b777f485a17a12cf4e4f38,ETH,,0.2608245807,260824580685718162,18,1,0x6ded1652ac5047c9bcf49107c472a1481e345a89545a1f6c6e48014f54a73a3d
0x1695ccf9536ded7852b805fc05410821d506d000,0xc79e7382acea6141c9056cb808f177162df2969d,ETH,,0.0957525594,95752559366809203,18,1,0xc550d8ba246d893add4b71db169e80aa3a1c51a0db8af38dab6e86bd96a1ca7b
0xd434a1e5cf0709cda8bd9902ec45c058797befdd,0x0beed0f627be9fed89b777f485a17a12cf4e4f38,ETH,,0.2329245796,232924579610000000,18,1,0x201355dc80e4e88531f97fa8d05596ee01a89e5f69793638f0ad2a45b6dadc43
0x36bf35999adfd97e44045198df92e6a77d95c3aa,0x2ee3a6e93fe7ef628f81ba8cddd882e739def480,ETH,,12.7000000000,12700000000000000000,18,1,0x08ef13f77e86cdb7d1ad97a64c23753d51d4081369ac16f291e0338143d201b1
0x0beed0f627be9fed89b777f485a17a12cf4e4f38,0x27040de19308d9733b61b21d21c9634e10d7ec17,USDT,0xdac17f958d2ee523a2206206994597c13d831ec7,457.2499000000,457249900,6,1,0xc88778992e3524682607dfb5071131ab786c376cbfc6f63e902fbf94733097c2
0x2374ce634073eab21d8256af57000b8dc11f29a1,0x0beed0f627be9fed89b777f485a17a12cf4e4f38,ETH,,0.5000000000,500000000000000000,18,1,0x1f0378988490decc859e025a8a48e5c864a2b40c80361301a75688aad18c9ab7
0x3eb182c904abbfcdb9e8536e111f1880ea1bcdfb,0x0beed0f627be9fed89b777f485a17a12cf4e4f38,ETH,,1.0000000000,1000000000000000000,18,1,0x578a529f3a62a2d042c07da866598caa4428bb7b6236602cfef44d32f9a50a08
0x0beed0f627be9fed89b777f485a17a12cf4e4f38,0xbff6c71b13bdb13636d5faf4be71934f36572083,ETH,,1.3000000000,1300000000000000000,18,1,0x7b0dcb9ef5947df9447ba3aaa4480209901c6bd47275185217c1432c28f4bb04
0x7f666cb90b0c40c62ab974551309cf6a496cd10b,0x0beed0f627be9fed89b777f485a17a12cf4e4f38,ETH,,0.0693827167,69382716657959911,18,1,0x8ef6490551cd460b9aa5bf3b8d2629777a30fdfbc8b4858a6a20a3b14b12e8a3
0xa799c22965a1f34fc1432893115746c33851114a,0x2ee3a6e93fe7ef628f81ba8cddd882e739def480,ETH,,0.3000000000,300000000000000000,18,1,0xcb9c6f287045935328511f13bb6bf595c2aa53a350b76a2a264681b5521a9af1
0xbff6c71b13bdb13636d5faf4be71934f36572083,0x0beed0f627be9fed89b777f485a17a12cf4e4f38,ETH,,4.9000000000,4900000000000000000,18,4,0x00be2d49e2b68527c436538782b0aa538ddba245e5f948bcb7459c43c347a776;0x588e9466cd884f0cf9b0d894f8be2a2b426681629d279fa1dfe6517cff6451ae;0x74130268de5235b816b699fd749e4071ee2520c215caa44741d21cbbce35bb7e;0xcfdabd3b0b8301f98c1f456c251983805d41be10011cfe283c36b518e07225ea
0xd5d99700eb0ad025039ab771c2ceaf4407eddaf7,0x0beed0f627be9fed89b777f485a17a12cf4e4f38,ETH,,0.5012630000,501263000026262000,18,2,0xcadaf6777173769168ba137a2f4c3844c70a67d7736f42d92f0f70dddd7e072d;0xcf65f91d0057435ad7485f4a7f61556d18997d15741c097dbef31a3cc5412c1c
0x542cfe8f8a71245142ac06a8a74aab94879e6e83,0x0beed0f627be9fed89b777f485a17a12cf4e4f38,ETH,,0.0870957659,87095765909237069,18,1,0x64d246a07ef687768895610639523dfd09dc39224aabbbcb6719a3ef7e433bd2
0x02d97f2d045c41df8021b664fa9d97ddf36abd96,0x0beed0f627be9fed89b777f485a17a12cf4e4f38,ETH,,0.1025142212,102514221200000000,18,1,0x56e88624dec4e417b4026755274c0759af46581dd65f0ba46ff66d5535e2391d
0x614bb1e08c6b420c8534c2144453588f7d8c4677,0x0beed0f627be9fed89b777f485a17a12cf4e4f38,ETH,,0.3000000000,300000000000000000,18,1,0xc8caa7cbe7c78d9a3f70cab366757cd030199a41774c57bf75d55ed906dcbb23
0x5aac84faf53380fdc0947b19664e980c53a7e1ff,0x0beed0f627be9fed89b777f485a17a12cf4e4f38,ETH,,0.3443925832,344392583222494757,18,1,0x7dc77352d13284a2c5be7a1c7124deb4b90b9562988056744878852c79e26980
0x4e8e86d17f104c5b0fec2ab03ae6fa01a47c065c,0x0beed0f627be9fed89b777f485a17a12cf4e4f38,ETH,,2.4000000000,2400000000000000000,18,3,0x74dc867f83a1f4694ba6943e72af1a7e1686b45d2152bfa2c40b0e7539823b0d;0x17f467e71a385fded375f2367c64ed8824795d596f78b674976bf49589f9ae53;0x8431422c02120e1d3f80a6b1a8b9e71e65c24d09f0e80c61236e471487fb38e0
0x1695ccf9536ded7852b805fc05410821d506d000,0x8b9d4a12ad2aa4005317fde2d10b82c96152c906,USDT,0xdac17f958d2ee523a2206206994597c13d831ec7,3990.6850000000,3990685000,6,2,0x550b44041389ac89af41f9b1402ca5db2a49c5bf89b159e42a589b501d817541;0xed36da045b310e54b30fa9f0b9b55cce07b5600f426859485e6cdd5bc40cf5fa
0xb7fe86711128ab40b789c925bfca33622f895357,0x0beed0f627be9fed89b777f485a17a12cf4e4f38,ETH,,0.5000000000,500000000000000000,18,1,0xc89c82883d6aa574a5926e62559ff4fd5ba4311a042295a6633ea5259a97a52c
0x11f35e55c94c5e13a6b5d8bbc9cac0b22aec022d,0x0beed0f627be9fed89b777f485a17a12cf4e4f38,ETH,,0.2438961692,243896169195490930,18,1,0x382a8aa33e63a6fdd3e145b627becd0e10995891772abdfed3ab8b307ffe2a60
0x6350ddce344c9a0cc993dc9aa8af6b4bf54ad400,0x0beed0f627be9fed89b777f485a17a12cf4e4f38,ETH,,0.5000000000,500000000000000000,18,1,0x9ab798323a6129920870a21729e4ffc9a7552138c398428fdf2e3fd207152bed
0x0beed0f627be9fed89b777f485a17a12cf4e4f38,0x542cfe8f8a71245142ac06a8a74aab94879e6e83,USDT,0xdac17f958d2ee523a2206206994597c13d831ec7,457.2499000000,457249900,6,1,0x051b69a35bfde115ff7095044f6d3db4fedeace68f5a99ce63925b06e7b43376
0x2ee3a6e93fe7ef628f81ba8cddd882e739def480,0xb40c23958941e1a39917be532cb54b6e2d879c42,USDT,0xdac17f958d2ee523a2206206994597c13d831ec7,76.3665240000,76366524,6,1,0x5e9255db25261034f59015261ab50e7d50b3d6dc2d4d280b64eb5e0a61cd344a
0x570b5377886a4ca028c00e31d10fc9d4b99ddcb0,0x0beed0f627be9fed89b777f485a17a12cf4e4f38,ETH,,0.0879211207,87921120716888345,18,1,0x320aeb8b5516a1a6126e12ffc83c8d32ab3d3d27904984bebce8e98a63ca24b2
0x2ee3a6e93fe7ef628f81ba8cddd882e739def480,0x0beed0f627be9fed89b777f485a17a12cf4e4f38,ETH,,0.3000000000,300000000000000000,18,1,0x3de0175ff80243bfe43bff179740d91df42eb8ad7f5930a2efde2b9c1277e5d1
0x9825c316cc237be7338d6972ebe34b0cd0be7992,0x0beed0f627be9fed89b777f485a17a12cf4e4f38,ETH,,0.0432494513,43249451331866224,18,1,0x7b1c31eb13927842fd4ea4664a11c46877170d96d3c43c4804eef154103e7e71
0x4836e3d6388c57a96b6ff750631949ba685192eb,0x0beed0f627be9fed89b777f485a17a12cf4e4f38,ETH,,0.3000000000,300000000000000000,18,1,0xcb9490b4751a3f6b2154892e25ae0a699ba623c5b70816ab9f820d790d7935a5
0x0beed0f627be9fed89b777f485a17a12cf4e4f38,0x143f1ffba28fe2c94e318ab5928483e5c906e444,ETH,,0.0500000000,50000000000000000,18,1,0x06ba93dc74e6660db198f26665f8150231594b5988015eb754dba99e53147032
0x7f5f261408b55b61ba7cd2154fe9c43ea80be09f,0x0beed0f627be9fed89b777f485a17a12cf4e4f38,ETH,,0.2000000000,200000000000000000,18,1,0x7ef9900e1a7b44923723944d73dddc3876b634f98734d2c10716fd2d4c3c2839
